Workbook

Sheet Hierarchy
A1: ba | B1: nercr | C1: transreg | D1: transgrp | E1: cendiv | F1: st | G1: interconnect | H1: st_interconnect | I1: country | J1: usda_region | K1: h2ptcreg | L1: hurdlereg | M1: aggreg | N1: ba | O1: population
A2: p1 | B2: WECC_NW | C2: NorthernGrid | D2: NorthernGrid_West | E2: Pacific | F2: WA | G2: western | H2: WA | I2: USA | J2: pacific | K2: Northwest | L2: Puget_Sound_Energy_Inc | M2: p1 | N2: p1 | O2: 5332062
A3: p2 | B3: WECC_NW | C3: NorthernGrid | D3: NorthernGrid_West | E3: Pacific | F3: WA | G3: western | H3: WA | I3: USA | J3: pacific | K3: Northwest | L3: Bonneville_Power_Administration | M3: p2 | N3: p2 | O3: 1621289
A4: p3 | B4: WECC_NW | C4: NorthernGrid | D4: NorthernGrid_West | E4: Pacific | F4: WA | G4: western | H4: WA | I4: USA | J4: pacific | K4: Northwest | L4: Avista_Corp | M4: p3 | N4: p3 | O4: 854317
A5: p4 | B5: WECC_NW | C5: NorthernGrid | D5: NorthernGrid_West | E5: Pacific | F5: WA | G5: western | H5: WA | I5: USA | J5: pacific | K5: Northwest | L5: PUD_No2_of_Grant_County | M5: p4 | N5: p4 | O5: 150512
A6: p5 | B6: WECC_NW | C6: NorthernGrid | D6: NorthernGrid_West | E6: Pacific | F6: OR | G6: western | H6: OR | I6: USA | J6: pacific | K6: Northwest | L6: Bonneville_Power_Administration | M6: p5 | N6: p5 | O6: 3628310
A7: p6 | B7: WECC_NW | C7: NorthernGrid | D7: NorthernGrid_West | E7: Pacific | F7: OR | G7: western | H7: OR | I7: USA | J7: pacific | K7: Northwest | L7: PacifiCorp_West | M7: p6 | N7: p6 | O7: 579400
A8: p7 | B8: WECC_NW | C8: NorthernGrid | D8: NorthernGrid_West | E8: Pacific | F8: OR | G8: western | H8: OR | I8: USA | J8: pacific | K8: Northwest | L8: Bonneville_Power_Administration | M8: p7 | N8: p7 | O8: 64661
A9: p8 | B9: WECC_NW | C9: NorthernGrid | D9: NorthernGrid_South | E9: Pacific | F9: CA | G9: western | H9: CA | I9: USA | J9: pacific | K9: California | L9: PacifiCorp_West | M9: p8 | N9: p8 | O9: 79329
A10: p9 | B10: WECC_CA | C10: CAISO | D10: CAISO | E10: Pacific | F10: CA | G10: western | H10: CA | I10: USA | J10: pacific | K10: California | L10: CAISO | M10: p9 | N10: p9 | O10: 15926605
A11: p10 | B11: WECC_CA | C11: CAISO | D11: CAISO | E11: Pacific | F11: CA | G11: western | H11: CA | I11: USA | J11: pacific | K11: California | L11: CAISO | M11: p10 | N11: p10 | O11: 20126530
A12: p11 | B12: WECC_CA | C12: CAISO | D12: CAISO | E12: Pacific | F12: CA | G12: western | H12: CA | I12: USA | J12: pacific | K12: California | L12: CAISO | M12: p11 | N12: p11 | O12: 3298799
A13: p12 | B13: WECC_NW | C13: NorthernGrid | D13: NorthernGrid_South | E13: Mountain | F13: NV | G13: western | H13: NV | I13: USA | J13: mountain | K13: Mountain | L13: Nevada_Power_Co | M13: p12 | N13: p12 | O13: 868596
... A135: p134 | B135: NPCC_NE | C135: ISONE | D135: ISONE | E135: New_England | F135: ME | G135: eastern | H135: ME | I135: USA | J135: northeast | K135: NewEngland | L135: ISONE | M135: p134 | N135: p134 | O135: 1405012

Sheet Sheet2
A1: region_name | B1: Agg name | C1: BAs (comma sep) | D1: # of Bas | E1: States | F1: State Interconnections | G1: Transmission Groups | H1: Population | I1: =Hierarchy!B1 -> nercr | J1: =Hierarchy!C1 -> transreg | K1: =Hierarchy!D1 -> transgrp | L1: =Hierarchy!E1 -> cendiv | M1: =Hierarchy!F1 -> st | N1: =Hierarchy!G1 -> interconnect | O1: =Hierarchy!H1 -> st_interconnect | P1: =Hierarchy!I1 -> country | ... S1: =Hierarchy!L1 -> hurdlereg
A2: =(_xlfn.REGEXREPLACE(_xlfn.REGEXREPLACE(SUBSTITUTE(TRIM(B2), "+", " and "), "[^A-Za-z0-9]+", "_"), "^_+|_+$", "")) -> LAX | B2: LAX | C2: p10 | D2: {=SUMPRODUCT(--(TRIM(IFERROR(_xlfn.TEXTSPLIT(_xlfn.TEXTJOIN(",",TRUE,C2),","),""))<>""))} -> 1 | E2: {=_xlfn.TEXTJOIN(", ", TRUE, _xlfn.UNIQUE(_xlfn._xlws.FILTER(Hierarchy!F$2:F$1000, ISNUMBER(MATCH(Hierarchy!$A$2:$A$1000, _xlfn.TEXTSPLIT($C2,", "),0)), "")))} -> CA | F2: {=_xlfn.TEXTJOIN(", ", TRUE, _xlfn.UNIQUE(_xlfn._xlws.FILTER(Hierarchy!H$2:H$1000, ISNUMBER(MATCH(Hierarchy!$A$2:$A$1000, _xlfn.TEXTSPLIT($C2,", "),0)), "")))} -> CA | G2: {=_xlfn.TEXTJOIN(", ", TRUE, _xlfn.UNIQUE(_xlfn._xlws.FILTER(Hierarchy!C$2:C$1000, ISNUMBER(MATCH(Hierarchy!$A$2:$A$1000, _xlfn.TEXTSPLIT($C2,", "),0)), "")))} -> CAISO | H2: {=SUMPRODUCT((ISNUMBER(MATCH(Hierarchy!A$2:A$1000, _xlfn.TEXTSPLIT(C2,", "),0)))*Hierarchy!O$2:O$1000)} -> 20126530 | I2: {=COUNTA(_xlfn.UNIQUE(_xlfn._xlws.FILTER(Hierarchy!B$2:B$1000, ISNUMBER(MATCH(Hierarchy!$A$2:$A$1000, _xlfn.TEXTSPLIT($C2,", "),0)), "")))} -> 1 | J2: {=COUNTA(_xlfn.UNIQUE(_xlfn._xlws.FILTER(Hierarchy!C$2:C$1000, ISNUMBER(MATCH(Hierarchy!$A$2:$A$1000, _xlfn.TEXTSPLIT($C2,", "),0)), "")))} -> 1 | K2: {=COUNTA(_xlfn.UNIQUE(_xlfn._xlws.FILTER(Hierarchy!D$2:D$1000, ISNUMBER(MATCH(Hierarchy!$A$2:$A$1000, _xlfn.TEXTSPLIT($C2,", "),0)), "")))} -> 1 | L2: {=COUNTA(_xlfn.UNIQUE(_xlfn._xlws.FILTER(Hierarchy!E$2:E$1000, ISNUMBER(MATCH(Hierarchy!$A$2:$A$1000, _xlfn.TEXTSPLIT($C2,", "),0)), "")))} -> 1 | M2: {=COUNTA(_xlfn.UNIQUE(_xlfn._xlws.FILTER(Hierarchy!F$2:F$1000, ISNUMBER(MATCH(Hierarchy!$A$2:$A$1000, _xlfn.TEXTSPLIT($C2,", "),0)), "")))} -> 1 | N2: {=COUNTA(_xlfn.UNIQUE(_xlfn._xlws.FILTER(Hierarchy!G$2:G$1000, ISNUMBER(MATCH(Hierarchy!$A$2:$A$1000, _xlfn.TEXTSPLIT($C2,", "),0)), "")))} -> 1 | O2: {=COUNTA(_xlfn.UNIQUE(_xlfn._xlws.FILTER(Hierarchy!H$2:H$1000, ISNUMBER(MATCH(Hierarchy!$A$2:$A$1000, _xlfn.TEXTSPLIT($C2,", "),0)), "")))} -> 1 | P2: {=COUNTA(_xlfn.UNIQUE(_xlfn._xlws.FILTER(Hierarchy!I$2:I$1000, ISNUMBER(MATCH(Hierarchy!$A$2:$A$1000, _xlfn.TEXTSPLIT($C2,", "),0)), "")))} -> 1 | ... S2: {=COUNTA(_xlfn.UNIQUE(_xlfn._xlws.FILTER(Hierarchy!L$2:L$1000, ISNUMBER(MATCH(Hierarchy!$A$2:$A$1000, _xlfn.TEXTSPLIT($C2,", "),0)), "")))} -> 1
A3: =(_xlfn.REGEXREPLACE(_xlfn.REGEXREPLACE(SUBSTITUTE(TRIM(B3), "+", " and "), "[^A-Za-z0-9]+", "_"), "^_+|_+$", "")) -> NY | B3: NY | C3: p127 | D3: {=SUMPRODUCT(--(TRIM(IFERROR(_xlfn.TEXTSPLIT(_xlfn.TEXTJOIN(",",TRUE,C3),","),""))<>""))} -> 1 | E3: {=_xlfn.TEXTJOIN(", ", TRUE, _xlfn.UNIQUE(_xlfn._xlws.FILTER(Hierarchy!F$2:F$1000, ISNUMBER(MATCH(Hierarchy!$A$2:$A$1000, _xlfn.TEXTSPLIT($C3,", "),0)), "")))} -> NY | F3: {=_xlfn.TEXTJOIN(", ", TRUE, _xlfn.UNIQUE(_xlfn._xlws.FILTER(Hierarchy!H$2:H$1000, ISNUMBER(MATCH(Hierarchy!$A$2:$A$1000, _xlfn.TEXTSPLIT($C3,", "),0)), "")))} -> NY | G3: {=_xlfn.TEXTJOIN(", ", TRUE, _xlfn.UNIQUE(_xlfn._xlws.FILTER(Hierarchy!C$2:C$1000, ISNUMBER(MATCH(Hierarchy!$A$2:$A$1000, _xlfn.TEXTSPLIT($C3,", "),0)), "")))} -> NYISO | H3: {=SUMPRODUCT((ISNUMBER(MATCH(Hierarchy!A$2:A$1000, _xlfn.TEXTSPLIT(C3,", "),0)))*Hierarchy!O$2:O$1000)} -> 16938901 | I3: {=COUNTA(_xlfn.UNIQUE(_xlfn._xlws.FILTER(Hierarchy!B$2:B$1000, ISNUMBER(MATCH(Hierarchy!$A$2:$A$1000, _xlfn.TEXTSPLIT($C3,", "),0)), "")))} -> 1 | J3: {=COUNTA(_xlfn.UNIQUE(_xlfn._xlws.FILTER(Hierarchy!C$2:C$1000, ISNUMBER(MATCH(Hierarchy!$A$2:$A$1000, _xlfn.TEXTSPLIT($C3,", "),0)), "")))} -> 1 | K3: {=COUNTA(_xlfn.UNIQUE(_xlfn._xlws.FILTER(Hierarchy!D$2:D$1000, ISNUMBER(MATCH(Hierarchy!$A$2:$A$1000, _xlfn.TEXTSPLIT($C3,", "),0)), "")))} -> 1 | L3: {=COUNTA(_xlfn.UNIQUE(_xlfn._xlws.FILTER(Hierarchy!E$2:E$1000, ISNUMBER(MATCH(Hierarchy!$A$2:$A$1000, _xlfn.TEXTSPLIT($C3,", "),0)), "")))} -> 1 | M3: {=COUNTA(_xlfn.UNIQUE(_xlfn._xlws.FILTER(Hierarchy!F$2:F$1000, ISNUMBER(MATCH(Hierarchy!$A$2:$A$1000, _xlfn.TEXTSPLIT($C3,", "),0)), "")))} -> 1 | N3: {=COUNTA(_xlfn.UNIQUE(_xlfn._xlws.FILTER(Hierarchy!G$2:G$1000, ISNUMBER(MATCH(Hierarchy!$A$2:$A$1000, _xlfn.TEXTSPLIT($C3,", "),0)), "")))} -> 1 | O3: {=COUNTA(_xlfn.UNIQUE(_xlfn._xlws.FILTER(Hierarchy!H$2:H$1000, ISNUMBER(MATCH(Hierarchy!$A$2:$A$1000, _xlfn.TEXTSPLIT($C3,", "),0)), "")))} -> 1 | P3: {=COUNTA(_xlfn.UNIQUE(_xlfn._xlws.FILTER(Hierarchy!I$2:I$1000, ISNUMBER(MATCH(Hierarchy!$A$2:$A$1000, _xlfn.TEXTSPLIT($C3,", "),0)), "")))} -> 1 | ... S3: {=COUNTA(_xlfn.UNIQUE(_xlfn._xlws.FILTER(Hierarchy!L$2:L$1000, ISNUMBER(MATCH(Hierarchy!$A$2:$A$1000, _xlfn.TEXTSPLIT($C3,", "),0)), "")))} -> 1
A4: =(_xlfn.REGEXREPLACE(_xlfn.REGEXREPLACE(SUBSTITUTE(TRIM(B4), "+", " and "), "[^A-Za-z0-9]+", "_"), "^_+|_+$", "")) -> Bay_area | B4: Bay area | C4: p9 | D4: {=SUMPRODUCT(--(TRIM(IFERROR(_xlfn.TEXTSPLIT(_xlfn.TEXTJOIN(",",TRUE,C4),","),""))<>""))} -> 1 | E4: {=_xlfn.TEXTJOIN(", ", TRUE, _xlfn.UNIQUE(_xlfn._xlws.FILTER(Hierarchy!F$2:F$1000, ISNUMBER(MATCH(Hierarchy!$A$2:$A$1000, _xlfn.TEXTSPLIT($C4,", "),0)), "")))} -> CA | F4: {=_xlfn.TEXTJOIN(", ", TRUE, _xlfn.UNIQUE(_xlfn._xlws.FILTER(Hierarchy!H$2:H$1000, ISNUMBER(MATCH(Hierarchy!$A$2:$A$1000, _xlfn.TEXTSPLIT($C4,", "),0)), "")))} -> CA | G4: {=_xlfn.TEXTJOIN(", ", TRUE, _xlfn.UNIQUE(_xlfn._xlws.FILTER(Hierarchy!C$2:C$1000, ISNUMBER(MATCH(Hierarchy!$A$2:$A$1000, _xlfn.TEXTSPLIT($C4,", "),0)), "")))} -> CAISO | H4: {=SUMPRODUCT((ISNUMBER(MATCH(Hierarchy!A$2:A$1000, _xlfn.TEXTSPLIT(C4,", "),0)))*Hierarchy!O$2:O$1000)} -> 15926605 | I4: {=COUNTA(_xlfn.UNIQUE(_xlfn._xlws.FILTER(Hierarchy!B$2:B$1000, ISNUMBER(MATCH(Hierarchy!$A$2:$A$1000, _xlfn.TEXTSPLIT($C4,", "),0)), "")))} -> 1 | J4: {=COUNTA(_xlfn.UNIQUE(_xlfn._xlws.FILTER(Hierarchy!C$2:C$1000, ISNUMBER(MATCH(Hierarchy!$A$2:$A$1000, _xlfn.TEXTSPLIT($C4,", "),0)), "")))} -> 1 | K4: {=COUNTA(_xlfn.UNIQUE(_xlfn._xlws.FILTER(Hierarchy!D$2:D$1000, ISNUMBER(MATCH(Hierarchy!$A$2:$A$1000, _xlfn.TEXTSPLIT($C4,", "),0)), "")))} -> 1 | L4: {=COUNTA(_xlfn.UNIQUE(_xlfn._xlws.FILTER(Hierarchy!E$2:E$1000, ISNUMBER(MATCH(Hierarchy!$A$2:$A$1000, _xlfn.TEXTSPLIT($C4,", "),0)), "")))} -> 1 | M4: {=COUNTA(_xlfn.UNIQUE(_xlfn._xlws.FILTER(Hierarchy!F$2:F$1000, ISNUMBER(MATCH(Hierarchy!$A$2:$A$1000, _xlfn.TEXTSPLIT($C4,", "),0)), "")))} -> 1 | N4: {=COUNTA(_xlfn.UNIQUE(_xlfn._xlws.FILTER(Hierarchy!G$2:G$1000, ISNUMBER(MATCH(Hierarchy!$A$2:$A$1000, _xlfn.TEXTSPLIT($C4,", "),0)), "")))} -> 1 | O4: {=COUNTA(_xlfn.UNIQUE(_xlfn._xlws.FILTER(Hierarchy!H$2:H$1000, ISNUMBER(MATCH(Hierarchy!$A$2:$A$1000, _xlfn.TEXTSPLIT($C4,", "),0)), "")))} -> 1 | P4: {=COUNTA(_xlfn.UNIQUE(_xlfn._xlws.FILTER(Hierarchy!I$2:I$1000, ISNUMBER(MATCH(Hierarchy!$A$2:$A$1000, _xlfn.TEXTSPLIT($C4,", "),0)), "")))} -> 1 | ... S4: {=COUNTA(_xlfn.UNIQUE(_xlfn._xlws.FILTER(Hierarchy!L$2:L$1000, ISNUMBER(MATCH(Hierarchy!$A$2:$A$1000, _xlfn.TEXTSPLIT($C4,", "),0)), "")))} -> 1
A5: =(_xlfn.REGEXREPLACE(_xlfn.REGEXREPLACE(SUBSTITUTE(TRIM(B5), "+", " and "), "[^A-Za-z0-9]+", "_"), "^_+|_+$", "")) -> e_Texas_ERCOT | B5: e Texas (ERCOT) | C5: p63, p64 | D5: {=SUMPRODUCT(--(TRIM(IFERROR(_xlfn.TEXTSPLIT(_xlfn.TEXTJOIN(",",TRUE,C5),","),""))<>""))} -> 2 | E5: {=_xlfn.TEXTJOIN(", ", TRUE, _xlfn.UNIQUE(_xlfn._xlws.FILTER(Hierarchy!F$2:F$1000, ISNUMBER(MATCH(Hierarchy!$A$2:$A$1000, _xlfn.TEXTSPLIT($C5,", "),0)), "")))} -> TX | F5: {=_xlfn.TEXTJOIN(", ", TRUE, _xlfn.UNIQUE(_xlfn._xlws.FILTER(Hierarchy!H$2:H$1000, ISNUMBER(MATCH(Hierarchy!$A$2:$A$1000, _xlfn.TEXTSPLIT($C5,", "),0)), "")))} -> TX_ercot | G5: {=_xlfn.TEXTJOIN(", ", TRUE, _xlfn.UNIQUE(_xlfn._xlws.FILTER(Hierarchy!C$2:C$1000, ISNUMBER(MATCH(Hierarchy!$A$2:$A$1000, _xlfn.TEXTSPLIT($C5,", "),0)), "")))} -> ERCOT | H5: {=SUMPRODUCT((ISNUMBER(MATCH(Hierarchy!A$2:A$1000, _xlfn.TEXTSPLIT(C5,", "),0)))*Hierarchy!O$2:O$1000)} -> 14790165 | I5: {=COUNTA(_xlfn.UNIQUE(_xlfn._xlws.FILTER(Hierarchy!B$2:B$1000, ISNUMBER(MATCH(Hierarchy!$A$2:$A$1000, _xlfn.TEXTSPLIT($C5,", "),0)), "")))} -> 1 | J5: {=COUNTA(_xlfn.UNIQUE(_xlfn._xlws.FILTER(Hierarchy!C$2:C$1000, ISNUMBER(MATCH(Hierarchy!$A$2:$A$1000, _xlfn.TEXTSPLIT($C5,", "),0)), "")))} -> 1 | K5: {=COUNTA(_xlfn.UNIQUE(_xlfn._xlws.FILTER(Hierarchy!D$2:D$1000, ISNUMBER(MATCH(Hierarchy!$A$2:$A$1000, _xlfn.TEXTSPLIT($C5,", "),0)), "")))} -> 1 | L5: {=COUNTA(_xlfn.UNIQUE(_xlfn._xlws.FILTER(Hierarchy!E$2:E$1000, ISNUMBER(MATCH(Hierarchy!$A$2:$A$1000, _xlfn.TEXTSPLIT($C5,", "),0)), "")))} -> 1 | M5: {=COUNTA(_xlfn.UNIQUE(_xlfn._xlws.FILTER(Hierarchy!F$2:F$1000, ISNUMBER(MATCH(Hierarchy!$A$2:$A$1000, _xlfn.TEXTSPLIT($C5,", "),0)), "")))} -> 1 | N5: {=COUNTA(_xlfn.UNIQUE(_xlfn._xlws.FILTER(Hierarchy!G$2:G$1000, ISNUMBER(MATCH(Hierarchy!$A$2:$A$1000, _xlfn.TEXTSPLIT($C5,", "),0)), "")))} -> 1 | O5: {=COUNTA(_xlfn.UNIQUE(_xlfn._xlws.FILTER(Hierarchy!H$2:H$1000, ISNUMBER(MATCH(Hierarchy!$A$2:$A$1000, _xlfn.TEXTSPLIT($C5,", "),0)), "")))} -> 1 | P5: {=COUNTA(_xlfn.UNIQUE(_xlfn._xlws.FILTER(Hierarchy!I$2:I$1000, ISNUMBER(MATCH(Hierarchy!$A$2:$A$1000, _xlfn.TEXTSPLIT($C5,", "),0)), "")))} -> 1 | ... S5: {=COUNTA(_xlfn.UNIQUE(_xlfn._xlws.FILTER(Hierarchy!L$2:L$1000, ISNUMBER(MATCH(Hierarchy!$A$2:$A$1000, _xlfn.TEXTSPLIT($C5,", "),0)), "")))} -> 1
A6: =(_xlfn.REGEXREPLACE(_xlfn.REGEXREPLACE(SUBSTITUTE(TRIM(B6), "+", " and "), "[^A-Za-z0-9]+", "_"), "^_+|_+$", "")) -> Central_FL | B6: Central FL | C6: p101 | D6: {=SUMPRODUCT(--(TRIM(IFERROR(_xlfn.TEXTSPLIT(_xlfn.TEXTJOIN(",",TRUE,C6),","),""))<>""))} -> 1 | E6: {=_xlfn.TEXTJOIN(", ", TRUE, _xlfn.UNIQUE(_xlfn._xlws.FILTER(Hierarchy!F$2:F$1000, ISNUMBER(MATCH(Hierarchy!$A$2:$A$1000, _xlfn.TEXTSPLIT($C6,", "),0)), "")))} -> FL | F6: {=_xlfn.TEXTJOIN(", ", TRUE, _xlfn.UNIQUE(_xlfn._xlws.FILTER(Hierarchy!H$2:H$1000, ISNUMBER(MATCH(Hierarchy!$A$2:$A$1000, _xlfn.TEXTSPLIT($C6,", "),0)), "")))} -> FL | G6: {=_xlfn.TEXTJOIN(", ", TRUE, _xlfn.UNIQUE(_xlfn._xlws.FILTER(Hierarchy!C$2:C$1000, ISNUMBER(MATCH(Hierarchy!$A$2:$A$1000, _xlfn.TEXTSPLIT($C6,", "),0)), "")))} -> FRCC | H6: {=SUMPRODUCT((ISNUMBER(MATCH(Hierarchy!A$2:A$1000, _xlfn.TEXTSPLIT(C6,", "),0)))*Hierarchy!O$2:O$1000)} -> 14352997 | I6: {=COUNTA(_xlfn.UNIQUE(_xlfn._xlws.FILTER(Hierarchy!B$2:B$1000, ISNUMBER(MATCH(Hierarchy!$A$2:$A$1000, _xlfn.TEXTSPLIT($C6,", "),0)), "")))} -> 1 | J6: {=COUNTA(_xlfn.UNIQUE(_xlfn._xlws.FILTER(Hierarchy!C$2:C$1000, ISNUMBER(MATCH(Hierarchy!$A$2:$A$1000, _xlfn.TEXTSPLIT($C6,", "),0)), "")))} -> 1 | K6: {=COUNTA(_xlfn.UNIQUE(_xlfn._xlws.FILTER(Hierarchy!D$2:D$1000, ISNUMBER(MATCH(Hierarchy!$A$2:$A$1000, _xlfn.TEXTSPLIT($C6,", "),0)), "")))} -> 1 | L6: {=COUNTA(_xlfn.UNIQUE(_xlfn._xlws.FILTER(Hierarchy!E$2:E$1000, ISNUMBER(MATCH(Hierarchy!$A$2:$A$1000, _xlfn.TEXTSPLIT($C6,", "),0)), "")))} -> 1 | M6: {=COUNTA(_xlfn.UNIQUE(_xlfn._xlws.FILTER(Hierarchy!F$2:F$1000, ISNUMBER(MATCH(Hierarchy!$A$2:$A$1000, _xlfn.TEXTSPLIT($C6,", "),0)), "")))} -> 1 | N6: {=COUNTA(_xlfn.UNIQUE(_xlfn._xlws.FILTER(Hierarchy!G$2:G$1000, ISNUMBER(MATCH(Hierarchy!$A$2:$A$1000, _xlfn.TEXTSPLIT($C6,", "),0)), "")))} -> 1 | O6: {=COUNTA(_xlfn.UNIQUE(_xlfn._xlws.FILTER(Hierarchy!H$2:H$1000, ISNUMBER(MATCH(Hierarchy!$A$2:$A$1000, _xlfn.TEXTSPLIT($C6,", "),0)), "")))} -> 1 | P6: {=COUNTA(_xlfn.UNIQUE(_xlfn._xlws.FILTER(Hierarchy!I$2:I$1000, ISNUMBER(MATCH(Hierarchy!$A$2:$A$1000, _xlfn.TEXTSPLIT($C6,", "),0)), "")))} -> 1 | ... S6: {=COUNTA(_xlfn.UNIQUE(_xlfn._xlws.FILTER(Hierarchy!L$2:L$1000, ISNUMBER(MATCH(Hierarchy!$A$2:$A$1000, _xlfn.TEXTSPLIT($C6,", "),0)), "")))} -> 1
A7: =(_xlfn.REGEXREPLACE(_xlfn.REGEXREPLACE(SUBSTITUTE(TRIM(B7), "+", " and "), "[^A-Za-z0-9]+", "_"), "^_+|_+$", "")) -> PA | B7: PA | C7: p115, p119, p120, p122 | D7: {=SUMPRODUCT(--(TRIM(IFERROR(_xlfn.TEXTSPLIT(_xlfn.TEXTJOIN(",",TRUE,C7),","),""))<>""))} -> 4 | E7: {=_xlfn.TEXTJOIN(", ", TRUE, _xlfn.UNIQUE(_xlfn._xlws.FILTER(Hierarchy!F$2:F$1000, ISNUMBER(MATCH(Hierarchy!$A$2:$A$1000, _xlfn.TEXTSPLIT($C7,", "),0)), "")))} -> PA | F7: {=_xlfn.TEXTJOIN(", ", TRUE, _xlfn.UNIQUE(_xlfn._xlws.FILTER(Hierarchy!H$2:H$1000, ISNUMBER(MATCH(Hierarchy!$A$2:$A$1000, _xlfn.TEXTSPLIT($C7,", "),0)), "")))} -> PA | G7: {=_xlfn.TEXTJOIN(", ", TRUE, _xlfn.UNIQUE(_xlfn._xlws.FILTER(Hierarchy!C$2:C$1000, ISNUMBER(MATCH(Hierarchy!$A$2:$A$1000, _xlfn.TEXTSPLIT($C7,", "),0)), "")))} -> PJM | H7: {=SUMPRODUCT((ISNUMBER(MATCH(Hierarchy!A$2:A$1000, _xlfn.TEXTSPLIT(C7,", "),0)))*Hierarchy!O$2:O$1000)} -> 13078751 | I7: {=COUNTA(_xlfn.UNIQUE(_xlfn._xlws.FILTER(Hierarchy!B$2:B$1000, ISNUMBER(MATCH(Hierarchy!$A$2:$A$1000, _xlfn.TEXTSPLIT($C7,", "),0)), "")))} -> 1 | J7: {=COUNTA(_xlfn.UNIQUE(_xlfn._xlws.FILTER(Hierarchy!C$2:C$1000, ISNUMBER(MATCH(Hierarchy!$A$2:$A$1000, _xlfn.TEXTSPLIT($C7,", "),0)), "")))} -> 1 | K7: {=COUNTA(_xlfn.UNIQUE(_xlfn._xlws.FILTER(Hierarchy!D$2:D$1000, ISNUMBER(MATCH(Hierarchy!$A$2:$A$1000, _xlfn.TEXTSPLIT($C7,", "),0)), "")))} -> 1 | L7: {=COUNTA(_xlfn.UNIQUE(_xlfn._xlws.FILTER(Hierarchy!E$2:E$1000, ISNUMBER(MATCH(Hierarchy!$A$2:$A$1000, _xlfn.TEXTSPLIT($C7,", "),0)), "")))} -> 1 | M7: {=COUNTA(_xlfn.UNIQUE(_xlfn._xlws.FILTER(Hierarchy!F$2:F$1000, ISNUMBER(MATCH(Hierarchy!$A$2:$A$1000, _xlfn.TEXTSPLIT($C7,", "),0)), "")))} -> 1 | N7: {=COUNTA(_xlfn.UNIQUE(_xlfn._xlws.FILTER(Hierarchy!G$2:G$1000, ISNUMBER(MATCH(Hierarchy!$A$2:$A$1000, _xlfn.TEXTSPLIT($C7,", "),0)), "")))} -> 1 | O7: {=COUNTA(_xlfn.UNIQUE(_xlfn._xlws.FILTER(Hierarchy!H$2:H$1000, ISNUMBER(MATCH(Hierarchy!$A$2:$A$1000, _xlfn.TEXTSPLIT($C7,", "),0)), "")))} -> 1 | P7: {=COUNTA(_xlfn.UNIQUE(_xlfn._xlws.FILTER(Hierarchy!I$2:I$1000, ISNUMBER(MATCH(Hierarchy!$A$2:$A$1000, _xlfn.TEXTSPLIT($C7,", "),0)), "")))} -> 1 | ... S7: {=COUNTA(_xlfn.UNIQUE(_xlfn._xlws.FILTER(Hierarchy!L$2:L$1000, ISNUMBER(MATCH(Hierarchy!$A$2:$A$1000, _xlfn.TEXTSPLIT($C7,", "),0)), "")))} -> 1
A8: =(_xlfn.REGEXREPLACE(_xlfn.REGEXREPLACE(SUBSTITUTE(TRIM(B8), "+", " and "), "[^A-Za-z0-9]+", "_"), "^_+|_+$", "")) -> WA_and_OR | B8: WA + OR | C8: p1, p2, p3, p4, p5, p6, p7 | D8: {=SUMPRODUCT(--(TRIM(IFERROR(_xlfn.TEXTSPLIT(_xlfn.TEXTJOIN(",",TRUE,C8),","),""))<>""))} -> 7 | E8: {=_xlfn.TEXTJOIN(", ", TRUE, _xlfn.UNIQUE(_xlfn._xlws.FILTER(Hierarchy!F$2:F$1000, ISNUMBER(MATCH(Hierarchy!$A$2:$A$1000, _xlfn.TEXTSPLIT($C8,", "),0)), "")))} -> WA, OR | F8: {=_xlfn.TEXTJOIN(", ", TRUE, _xlfn.UNIQUE(_xlfn._xlws.FILTER(Hierarchy!H$2:H$1000, ISNUMBER(MATCH(Hierarchy!$A$2:$A$1000, _xlfn.TEXTSPLIT($C8,", "),0)), "")))} -> WA, OR | G8: {=_xlfn.TEXTJOIN(", ", TRUE, _xlfn.UNIQUE(_xlfn._xlws.FILTER(Hierarchy!C$2:C$1000, ISNUMBER(MATCH(Hierarchy!$A$2:$A$1000, _xlfn.TEXTSPLIT($C8,", "),0)), "")))} -> NorthernGrid | H8: {=SUMPRODUCT((ISNUMBER(MATCH(Hierarchy!A$2:A$1000, _xlfn.TEXTSPLIT(C8,", "),0)))*Hierarchy!O$2:O$1000)} -> 12230551 | I8: {=COUNTA(_xlfn.UNIQUE(_xlfn._xlws.FILTER(Hierarchy!B$2:B$1000, ISNUMBER(MATCH(Hierarchy!$A$2:$A$1000, _xlfn.TEXTSPLIT($C8,", "),0)), "")))} -> 1 | J8: {=COUNTA(_xlfn.UNIQUE(_xlfn._xlws.FILTER(Hierarchy!C$2:C$1000, ISNUMBER(MATCH(Hierarchy!$A$2:$A$1000, _xlfn.TEXTSPLIT($C8,", "),0)), "")))} -> 1 | K8: {=COUNTA(_xlfn.UNIQUE(_xlfn._xlws.FILTER(Hierarchy!D$2:D$1000, ISNUMBER(MATCH(Hierarchy!$A$2:$A$1000, _xlfn.TEXTSPLIT($C8,", "),0)), "")))} -> 1 | L8: {=COUNTA(_xlfn.UNIQUE(_xlfn._xlws.FILTER(Hierarchy!E$2:E$1000, ISNUMBER(MATCH(Hierarchy!$A$2:$A$1000, _xlfn.TEXTSPLIT($C8,", "),0)), "")))} -> 1 | M8: {=COUNTA(_xlfn.UNIQUE(_xlfn._xlws.FILTER(Hierarchy!F$2:F$1000, ISNUMBER(MATCH(Hierarchy!$A$2:$A$1000, _xlfn.TEXTSPLIT($C8,", "),0)), "")))} -> 2 | N8: {=COUNTA(_xlfn.UNIQUE(_xlfn._xlws.FILTER(Hierarchy!G$2:G$1000, ISNUMBER(MATCH(Hierarchy!$A$2:$A$1000, _xlfn.TEXTSPLIT($C8,", "),0)), "")))} -> 1 | O8: {=COUNTA(_xlfn.UNIQUE(_xlfn._xlws.FILTER(Hierarchy!H$2:H$1000, ISNUMBER(MATCH(Hierarchy!$A$2:$A$1000, _xlfn.TEXTSPLIT($C8,", "),0)), "")))} -> 2 | P8: {=COUNTA(_xlfn.UNIQUE(_xlfn._xlws.FILTER(Hierarchy!I$2:I$1000, ISNUMBER(MATCH(Hierarchy!$A$2:$A$1000, _xlfn.TEXTSPLIT($C8,", "),0)), "")))} -> 1 | ... S8: {=COUNTA(_xlfn.UNIQUE(_xlfn._xlws.FILTER(Hierarchy!L$2:L$1000, ISNUMBER(MATCH(Hierarchy!$A$2:$A$1000, _xlfn.TEXTSPLIT($C8,", "),0)), "")))} -> 5
A9: =(_xlfn.REGEXREPLACE(_xlfn.REGEXREPLACE(SUBSTITUTE(TRIM(B9), "+", " and "), "[^A-Za-z0-9]+", "_"), "^_+|_+$", "")) -> OH | B9: OH | C9: p111, p112, p113, p114 | D9: {=SUMPRODUCT(--(TRIM(IFERROR(_xlfn.TEXTSPLIT(_xlfn.TEXTJOIN(",",TRUE,C9),","),""))<>""))} -> 4 | E9: {=_xlfn.TEXTJOIN(", ", TRUE, _xlfn.UNIQUE(_xlfn._xlws.FILTER(Hierarchy!F$2:F$1000, ISNUMBER(MATCH(Hierarchy!$A$2:$A$1000, _xlfn.TEXTSPLIT($C9,", "),0)), "")))} -> OH | F9: {=_xlfn.TEXTJOIN(", ", TRUE, _xlfn.UNIQUE(_xlfn._xlws.FILTER(Hierarchy!H$2:H$1000, ISNUMBER(MATCH(Hierarchy!$A$2:$A$1000, _xlfn.TEXTSPLIT($C9,", "),0)), "")))} -> OH | G9: {=_xlfn.TEXTJOIN(", ", TRUE, _xlfn.UNIQUE(_xlfn._xlws.FILTER(Hierarchy!C$2:C$1000, ISNUMBER(MATCH(Hierarchy!$A$2:$A$1000, _xlfn.TEXTSPLIT($C9,", "),0)), "")))} -> PJM | H9: {=SUMPRODUCT((ISNUMBER(MATCH(Hierarchy!A$2:A$1000, _xlfn.TEXTSPLIT(C9,", "),0)))*Hierarchy!O$2:O$1000)} -> 11883304 | I9: {=COUNTA(_xlfn.UNIQUE(_xlfn._xlws.FILTER(Hierarchy!B$2:B$1000, ISNUMBER(MATCH(Hierarchy!$A$2:$A$1000, _xlfn.TEXTSPLIT($C9,", "),0)), "")))} -> 1 | J9: {=COUNTA(_xlfn.UNIQUE(_xlfn._xlws.FILTER(Hierarchy!C$2:C$1000, ISNUMBER(MATCH(Hierarchy!$A$2:$A$1000, _xlfn.TEXTSPLIT($C9,", "),0)), "")))} -> 1 | K9: {=COUNTA(_xlfn.UNIQUE(_xlfn._xlws.FILTER(Hierarchy!D$2:D$1000, ISNUMBER(MATCH(Hierarchy!$A$2:$A$1000, _xlfn.TEXTSPLIT($C9,", "),0)), "")))} -> 1 | L9: {=COUNTA(_xlfn.UNIQUE(_xlfn._xlws.FILTER(Hierarchy!E$2:E$1000, ISNUMBER(MATCH(Hierarchy!$A$2:$A$1000, _xlfn.TEXTSPLIT($C9,", "),0)), "")))} -> 1 | M9: {=COUNTA(_xlfn.UNIQUE(_xlfn._xlws.FILTER(Hierarchy!F$2:F$1000, ISNUMBER(MATCH(Hierarchy!$A$2:$A$1000, _xlfn.TEXTSPLIT($C9,", "),0)), "")))} -> 1 | N9: {=COUNTA(_xlfn.UNIQUE(_xlfn._xlws.FILTER(Hierarchy!G$2:G$1000, ISNUMBER(MATCH(Hierarchy!$A$2:$A$1000, _xlfn.TEXTSPLIT($C9,", "),0)), "")))} -> 1 | O9: {=COUNTA(_xlfn.UNIQUE(_xlfn._xlws.FILTER(Hierarchy!H$2:H$1000, ISNUMBER(MATCH(Hierarchy!$A$2:$A$1000, _xlfn.TEXTSPLIT($C9,", "),0)), "")))} -> 1 | P9: {=COUNTA(_xlfn.UNIQUE(_xlfn._xlws.FILTER(Hierarchy!I$2:I$1000, ISNUMBER(MATCH(Hierarchy!$A$2:$A$1000, _xlfn.TEXTSPLIT($C9,", "),0)), "")))} -> 1 | ... S9: {=COUNTA(_xlfn.UNIQUE(_xlfn._xlws.FILTER(Hierarchy!L$2:L$1000, ISNUMBER(MATCH(Hierarchy!$A$2:$A$1000, _xlfn.TEXTSPLIT($C9,", "),0)), "")))} -> 1
A10: =(_xlfn.REGEXREPLACE(_xlfn.REGEXREPLACE(SUBSTITUTE(TRIM(B10), "+", " and "), "[^A-Za-z0-9]+", "_"), "^_+|_+$", "")) -> GA | B10: GA | C10: p94 | D10: {=SUMPRODUCT(--(TRIM(IFERROR(_xlfn.TEXTSPLIT(_xlfn.TEXTJOIN(",",TRUE,C10),","),""))<>""))} -> 1 | E10: {=_xlfn.TEXTJOIN(", ", TRUE, _xlfn.UNIQUE(_xlfn._xlws.FILTER(Hierarchy!F$2:F$1000, ISNUMBER(MATCH(Hierarchy!$A$2:$A$1000, _xlfn.TEXTSPLIT($C10,", "),0)), "")))} -> GA | F10: {=_xlfn.TEXTJOIN(", ", TRUE, _xlfn.UNIQUE(_xlfn._xlws.FILTER(Hierarchy!H$2:H$1000, ISNUMBER(MATCH(Hierarchy!$A$2:$A$1000, _xlfn.TEXTSPLIT($C10,", "),0)), "")))} -> GA | G10: {=_xlfn.TEXTJOIN(", ", TRUE, _xlfn.UNIQUE(_xlfn._xlws.FILTER(Hierarchy!C$2:C$1000, ISNUMBER(MATCH(Hierarchy!$A$2:$A$1000, _xlfn.TEXTSPLIT($C10,", "),0)), "")))} -> SERTP | H10: {=SUMPRODUCT((ISNUMBER(MATCH(Hierarchy!A$2:A$1000, _xlfn.TEXTSPLIT(C10,", "),0)))*Hierarchy!O$2:O$1000)} -> 11180878 | I10: {=COUNTA(_xlfn.UNIQUE(_xlfn._xlws.FILTER(Hierarchy!B$2:B$1000, ISNUMBER(MATCH(Hierarchy!$A$2:$A$1000, _xlfn.TEXTSPLIT($C10,", "),0)), "")))} -> 1 | J10: {=COUNTA(_xlfn.UNIQUE(_xlfn._xlws.FILTER(Hierarchy!C$2:C$1000, ISNUMBER(MATCH(Hierarchy!$A$2:$A$1000, _xlfn.TEXTSPLIT($C10,", "),0)), "")))} -> 1 | K10: {=COUNTA(_xlfn.UNIQUE(_xlfn._xlws.FILTER(Hierarchy!D$2:D$1000, ISNUMBER(MATCH(Hierarchy!$A$2:$A$1000, _xlfn.TEXTSPLIT($C10,", "),0)), "")))} -> 1 | L10: {=COUNTA(_xlfn.UNIQUE(_xlfn._xlws.FILTER(Hierarchy!E$2:E$1000, ISNUMBER(MATCH(Hierarchy!$A$2:$A$1000, _xlfn.TEXTSPLIT($C10,", "),0)), "")))} -> 1 | M10: {=COUNTA(_xlfn.UNIQUE(_xlfn._xlws.FILTER(Hierarchy!F$2:F$1000, ISNUMBER(MATCH(Hierarchy!$A$2:$A$1000, _xlfn.TEXTSPLIT($C10,", "),0)), "")))} -> 1 | N10: {=COUNTA(_xlfn.UNIQUE(_xlfn._xlws.FILTER(Hierarchy!G$2:G$1000, ISNUMBER(MATCH(Hierarchy!$A$2:$A$1000, _xlfn.TEXTSPLIT($C10,", "),0)), "")))} -> 1 | O10: {=COUNTA(_xlfn.UNIQUE(_xlfn._xlws.FILTER(Hierarchy!H$2:H$1000, ISNUMBER(MATCH(Hierarchy!$A$2:$A$1000, _xlfn.TEXTSPLIT($C10,", "),0)), "")))} -> 1 | P10: {=COUNTA(_xlfn.UNIQUE(_xlfn._xlws.FILTER(Hierarchy!I$2:I$1000, ISNUMBER(MATCH(Hierarchy!$A$2:$A$1000, _xlfn.TEXTSPLIT($C10,", "),0)), "")))} -> 1 | ... S10: {=COUNTA(_xlfn.UNIQUE(_xlfn._xlws.FILTER(Hierarchy!L$2:L$1000, ISNUMBER(MATCH(Hierarchy!$A$2:$A$1000, _xlfn.TEXTSPLIT($C10,", "),0)), "")))} -> 1
A11: =(_xlfn.REGEXREPLACE(_xlfn.REGEXREPLACE(SUBSTITUTE(TRIM(B11), "+", " and "), "[^A-Za-z0-9]+", "_"), "^_+|_+$", "")) -> NC | B11: NC | C11: p97, p98 | D11: {=SUMPRODUCT(--(TRIM(IFERROR(_xlfn.TEXTSPLIT(_xlfn.TEXTJOIN(",",TRUE,C11),","),""))<>""))} -> 2 | E11: {=_xlfn.TEXTJOIN(", ", TRUE, _xlfn.UNIQUE(_xlfn._xlws.FILTER(Hierarchy!F$2:F$1000, ISNUMBER(MATCH(Hierarchy!$A$2:$A$1000, _xlfn.TEXTSPLIT($C11,", "),0)), "")))} -> NC | F11: {=_xlfn.TEXTJOIN(", ", TRUE, _xlfn.UNIQUE(_xlfn._xlws.FILTER(Hierarchy!H$2:H$1000, ISNUMBER(MATCH(Hierarchy!$A$2:$A$1000, _xlfn.TEXTSPLIT($C11,", "),0)), "")))} -> NC | G11: {=_xlfn.TEXTJOIN(", ", TRUE, _xlfn.UNIQUE(_xlfn._xlws.FILTER(Hierarchy!C$2:C$1000, ISNUMBER(MATCH(Hierarchy!$A$2:$A$1000, _xlfn.TEXTSPLIT($C11,", "),0)), "")))} -> SERTP | H11: {=SUMPRODUCT((ISNUMBER(MATCH(Hierarchy!A$2:A$1000, _xlfn.TEXTSPLIT(C11,", "),0)))*Hierarchy!O$2:O$1000)} -> 11046024 | I11: {=COUNTA(_xlfn.UNIQUE(_xlfn._xlws.FILTER(Hierarchy!B$2:B$1000, ISNUMBER(MATCH(Hierarchy!$A$2:$A$1000, _xlfn.TEXTSPLIT($C11,", "),0)), "")))} -> 1 | J11: {=COUNTA(_xlfn.UNIQUE(_xlfn._xlws.FILTER(Hierarchy!C$2:C$1000, ISNUMBER(MATCH(Hierarchy!$A$2:$A$1000, _xlfn.TEXTSPLIT($C11,", "),0)), "")))} -> 1 | K11: {=COUNTA(_xlfn.UNIQUE(_xlfn._xlws.FILTER(Hierarchy!D$2:D$1000, ISNUMBER(MATCH(Hierarchy!$A$2:$A$1000, _xlfn.TEXTSPLIT($C11,", "),0)), "")))} -> 1 | L11: {=COUNTA(_xlfn.UNIQUE(_xlfn._xlws.FILTER(Hierarchy!E$2:E$1000, ISNUMBER(MATCH(Hierarchy!$A$2:$A$1000, _xlfn.TEXTSPLIT($C11,", "),0)), "")))} -> 1 | M11: {=COUNTA(_xlfn.UNIQUE(_xlfn._xlws.FILTER(Hierarchy!F$2:F$1000, ISNUMBER(MATCH(Hierarchy!$A$2:$A$1000, _xlfn.TEXTSPLIT($C11,", "),0)), "")))} -> 1 | N11: {=COUNTA(_xlfn.UNIQUE(_xlfn._xlws.FILTER(Hierarchy!G$2:G$1000, ISNUMBER(MATCH(Hierarchy!$A$2:$A$1000, _xlfn.TEXTSPLIT($C11,", "),0)), "")))} -> 1 | O11: {=COUNTA(_xlfn.UNIQUE(_xlfn._xlws.FILTER(Hierarchy!H$2:H$1000, ISNUMBER(MATCH(Hierarchy!$A$2:$A$1000, _xlfn.TEXTSPLIT($C11,", "),0)), "")))} -> 1 | P11: {=COUNTA(_xlfn.UNIQUE(_xlfn._xlws.FILTER(Hierarchy!I$2:I$1000, ISNUMBER(MATCH(Hierarchy!$A$2:$A$1000, _xlfn.TEXTSPLIT($C11,", "),0)), "")))} -> 1 | ... S11: {=COUNTA(_xlfn.UNIQUE(_xlfn._xlws.FILTER(Hierarchy!L$2:L$1000, ISNUMBER(MATCH(Hierarchy!$A$2:$A$1000, _xlfn.TEXTSPLIT($C11,", "),0)), "")))} -> 2
A12: =(_xlfn.REGEXREPLACE(_xlfn.REGEXREPLACE(SUBSTITUTE(TRIM(B12), "+", " and "), "[^A-Za-z0-9]+", "_"), "^_+|_+$", "")) -> DE_and_NJ | B12: DE + NJ | C12: p125, p126 | D12: {=SUMPRODUCT(--(TRIM(IFERROR(_xlfn.TEXTSPLIT(_xlfn.TEXTJOIN(",",TRUE,C12),","),""))<>""))} -> 2 | E12: {=_xlfn.TEXTJOIN(", ", TRUE, _xlfn.UNIQUE(_xlfn._xlws.FILTER(Hierarchy!F$2:F$1000, ISNUMBER(MATCH(Hierarchy!$A$2:$A$1000, _xlfn.TEXTSPLIT($C12,", "),0)), "")))} -> DE, NJ | F12: {=_xlfn.TEXTJOIN(", ", TRUE, _xlfn.UNIQUE(_xlfn._xlws.FILTER(Hierarchy!H$2:H$1000, ISNUMBER(MATCH(Hierarchy!$A$2:$A$1000, _xlfn.TEXTSPLIT($C12,", "),0)), "")))} -> DE, NJ | G12: {=_xlfn.TEXTJOIN(", ", TRUE, _xlfn.UNIQUE(_xlfn._xlws.FILTER(Hierarchy!C$2:C$1000, ISNUMBER(MATCH(Hierarchy!$A$2:$A$1000, _xlfn.TEXTSPLIT($C12,", "),0)), "")))} -> PJM | H12: {=SUMPRODUCT((ISNUMBER(MATCH(Hierarchy!A$2:A$1000, _xlfn.TEXTSPLIT(C12,", "),0)))*Hierarchy!O$2:O$1000)} -> 10552768 | I12: {=COUNTA(_xlfn.UNIQUE(_xlfn._xlws.FILTER(Hierarchy!B$2:B$1000, ISNUMBER(MATCH(Hierarchy!$A$2:$A$1000, _xlfn.TEXTSPLIT($C12,", "),0)), "")))} -> 1 | J12: {=COUNTA(_xlfn.UNIQUE(_xlfn._xlws.FILTER(Hierarchy!C$2:C$1000, ISNUMBER(MATCH(Hierarchy!$A$2:$A$1000, _xlfn.TEXTSPLIT($C12,", "),0)), "")))} -> 1 | K12: {=COUNTA(_xlfn.UNIQUE(_xlfn._xlws.FILTER(Hierarchy!D$2:D$1000, ISNUMBER(MATCH(Hierarchy!$A$2:$A$1000, _xlfn.TEXTSPLIT($C12,", "),0)), "")))} -> 1 | L12: {=COUNTA(_xlfn.UNIQUE(_xlfn._xlws.FILTER(Hierarchy!E$2:E$1000, ISNUMBER(MATCH(Hierarchy!$A$2:$A$1000, _xlfn.TEXTSPLIT($C12,", "),0)), "")))} -> 2 | M12: {=COUNTA(_xlfn.UNIQUE(_xlfn._xlws.FILTER(Hierarchy!F$2:F$1000, ISNUMBER(MATCH(Hierarchy!$A$2:$A$1000, _xlfn.TEXTSPLIT($C12,", "),0)), "")))} -> 2 | N12: {=COUNTA(_xlfn.UNIQUE(_xlfn._xlws.FILTER(Hierarchy!G$2:G$1000, ISNUMBER(MATCH(Hierarchy!$A$2:$A$1000, _xlfn.TEXTSPLIT($C12,", "),0)), "")))} -> 1 | O12: {=COUNTA(_xlfn.UNIQUE(_xlfn._xlws.FILTER(Hierarchy!H$2:H$1000, ISNUMBER(MATCH(Hierarchy!$A$2:$A$1000, _xlfn.TEXTSPLIT($C12,", "),0)), "")))} -> 2 | P12: {=COUNTA(_xlfn.UNIQUE(_xlfn._xlws.FILTER(Hierarchy!I$2:I$1000, ISNUMBER(MATCH(Hierarchy!$A$2:$A$1000, _xlfn.TEXTSPLIT($C12,", "),0)), "")))} -> 1 | ... S12: {=COUNTA(_xlfn.UNIQUE(_xlfn._xlws.FILTER(Hierarchy!L$2:L$1000, ISNUMBER(MATCH(Hierarchy!$A$2:$A$1000, _xlfn.TEXTSPLIT($C12,", "),0)), "")))} -> 1
A13: =(_xlfn.REGEXREPLACE(_xlfn.REGEXREPLACE(SUBSTITUTE(TRIM(B13), "+", " and "), "[^A-Za-z0-9]+", "_"), "^_+|_+$", "")) -> Chicago_and_sw_MI | B13: Chicago + sw MI | C13: p80, p104 | D13: {=SUMPRODUCT(--(TRIM(IFERROR(_xlfn.TEXTSPLIT(_xlfn.TEXTJOIN(",",TRUE,C13),","),""))<>""))} -> 2 | E13: {=_xlfn.TEXTJOIN(", ", TRUE, _xlfn.UNIQUE(_xlfn._xlws.FILTER(Hierarchy!F$2:F$1000, ISNUMBER(MATCH(Hierarchy!$A$2:$A$1000, _xlfn.TEXTSPLIT($C13,", "),0)), "")))} -> IL, MI | F13: {=_xlfn.TEXTJOIN(", ", TRUE, _xlfn.UNIQUE(_xlfn._xlws.FILTER(Hierarchy!H$2:H$1000, ISNUMBER(MATCH(Hierarchy!$A$2:$A$1000, _xlfn.TEXTSPLIT($C13,", "),0)), "")))} -> IL, MI | G13: {=_xlfn.TEXTJOIN(", ", TRUE, _xlfn.UNIQUE(_xlfn._xlws.FILTER(Hierarchy!C$2:C$1000, ISNUMBER(MATCH(Hierarchy!$A$2:$A$1000, _xlfn.TEXTSPLIT($C13,", "),0)), "")))} -> PJM | H13: {=SUMPRODUCT((ISNUMBER(MATCH(Hierarchy!A$2:A$1000, _xlfn.TEXTSPLIT(C13,", "),0)))*Hierarchy!O$2:O$1000)} -> 10095460 | I13: {=COUNTA(_xlfn.UNIQUE(_xlfn._xlws.FILTER(Hierarchy!B$2:B$1000, ISNUMBER(MATCH(Hierarchy!$A$2:$A$1000, _xlfn.TEXTSPLIT($C13,", "),0)), "")))} -> 1 | J13: {=COUNTA(_xlfn.UNIQUE(_xlfn._xlws.FILTER(Hierarchy!C$2:C$1000, ISNUMBER(MATCH(Hierarchy!$A$2:$A$1000, _xlfn.TEXTSPLIT($C13,", "),0)), "")))} -> 1 | K13: {=COUNTA(_xlfn.UNIQUE(_xlfn._xlws.FILTER(Hierarchy!D$2:D$1000, ISNUMBER(MATCH(Hierarchy!$A$2:$A$1000, _xlfn.TEXTSPLIT($C13,", "),0)), "")))} -> 1 | L13: {=COUNTA(_xlfn.UNIQUE(_xlfn._xlws.FILTER(Hierarchy!E$2:E$1000, ISNUMBER(MATCH(Hierarchy!$A$2:$A$1000, _xlfn.TEXTSPLIT($C13,", "),0)), "")))} -> 1 | M13: {=COUNTA(_xlfn.UNIQUE(_xlfn._xlws.FILTER(Hierarchy!F$2:F$1000, ISNUMBER(MATCH(Hierarchy!$A$2:$A$1000, _xlfn.TEXTSPLIT($C13,", "),0)), "")))} -> 2 | N13: {=COUNTA(_xlfn.UNIQUE(_xlfn._xlws.FILTER(Hierarchy!G$2:G$1000, ISNUMBER(MATCH(Hierarchy!$A$2:$A$1000, _xlfn.TEXTSPLIT($C13,", "),0)), "")))} -> 1 | O13: {=COUNTA(_xlfn.UNIQUE(_xlfn._xlws.FILTER(Hierarchy!H$2:H$1000, ISNUMBER(MATCH(Hierarchy!$A$2:$A$1000, _xlfn.TEXTSPLIT($C13,", "),0)), "")))} -> 2 | P13: {=COUNTA(_xlfn.UNIQUE(_xlfn._xlws.FILTER(Hierarchy!I$2:I$1000, ISNUMBER(MATCH(Hierarchy!$A$2:$A$1000, _xlfn.TEXTSPLIT($C13,", "),0)), "")))} -> 1 | ... S13: {=COUNTA(_xlfn.UNIQUE(_xlfn._xlws.FILTER(Hierarchy!L$2:L$1000, ISNUMBER(MATCH(Hierarchy!$A$2:$A$1000, _xlfn.TEXTSPLIT($C13,", "),0)), "")))} -> 1
... A47: =(_xlfn.REGEXREPLACE(_xlfn.REGEXREPLACE(SUBSTITUTE(TRIM(B47), "+", " and "), "[^A-Za-z0-9]+", "_"), "^_+|_+$", "")) -> e_WY_and_w_SD | B47: e WY + w SD | C47: p23, p24, p32 | D47: {=SUMPRODUCT(--(TRIM(IFERROR(_xlfn.TEXTSPLIT(_xlfn.TEXTJOIN(",",TRUE,C47),","),""))<>""))} -> 3 | E47: {=_xlfn.TEXTJOIN(", ", TRUE, _xlfn.UNIQUE(_xlfn._xlws.FILTER(Hierarchy!F$2:F$1000, ISNUMBER(MATCH(Hierarchy!$A$2:$A$1000, _xlfn.TEXTSPLIT($C47,", "),0)), "")))} -> WY, SD | F47: {=_xlfn.TEXTJOIN(", ", TRUE, _xlfn.UNIQUE(_xlfn._xlws.FILTER(Hierarchy!H$2:H$1000, ISNUMBER(MATCH(Hierarchy!$A$2:$A$1000, _xlfn.TEXTSPLIT($C47,", "),0)), "")))} -> WY, SD_western | G47: {=_xlfn.TEXTJOIN(", ", TRUE, _xlfn.UNIQUE(_xlfn._xlws.FILTER(Hierarchy!C$2:C$1000, ISNUMBER(MATCH(Hierarchy!$A$2:$A$1000, _xlfn.TEXTSPLIT($C47,", "),0)), "")))} -> WestConnect | H47: {=SUMPRODUCT((ISNUMBER(MATCH(Hierarchy!A$2:A$1000, _xlfn.TEXTSPLIT(C47,", "),0)))*Hierarchy!O$2:O$1000)} -> 507900 | I47: {=COUNTA(_xlfn.UNIQUE(_xlfn._xlws.FILTER(Hierarchy!B$2:B$1000, ISNUMBER(MATCH(Hierarchy!$A$2:$A$1000, _xlfn.TEXTSPLIT($C47,", "),0)), "")))} -> 1 | J47: {=COUNTA(_xlfn.UNIQUE(_xlfn._xlws.FILTER(Hierarchy!C$2:C$1000, ISNUMBER(MATCH(Hierarchy!$A$2:$A$1000, _xlfn.TEXTSPLIT($C47,", "),0)), "")))} -> 1 | K47: {=COUNTA(_xlfn.UNIQUE(_xlfn._xlws.FILTER(Hierarchy!D$2:D$1000, ISNUMBER(MATCH(Hierarchy!$A$2:$A$1000, _xlfn.TEXTSPLIT($C47,", "),0)), "")))} -> 1 | L47: {=COUNTA(_xlfn.UNIQUE(_xlfn._xlws.FILTER(Hierarchy!E$2:E$1000, ISNUMBER(MATCH(Hierarchy!$A$2:$A$1000, _xlfn.TEXTSPLIT($C47,", "),0)), "")))} -> 1 | M47: {=COUNTA(_xlfn.UNIQUE(_xlfn._xlws.FILTER(Hierarchy!F$2:F$1000, ISNUMBER(MATCH(Hierarchy!$A$2:$A$1000, _xlfn.TEXTSPLIT($C47,", "),0)), "")))} -> 2 | N47: {=COUNTA(_xlfn.UNIQUE(_xlfn._xlws.FILTER(Hierarchy!G$2:G$1000, ISNUMBER(MATCH(Hierarchy!$A$2:$A$1000, _xlfn.TEXTSPLIT($C47,", "),0)), "")))} -> 1 | O47: {=COUNTA(_xlfn.UNIQUE(_xlfn._xlws.FILTER(Hierarchy!H$2:H$1000, ISNUMBER(MATCH(Hierarchy!$A$2:$A$1000, _xlfn.TEXTSPLIT($C47,", "),0)), "")))} -> 2 | P47: {=COUNTA(_xlfn.UNIQUE(_xlfn._xlws.FILTER(Hierarchy!I$2:I$1000, ISNUMBER(MATCH(Hierarchy!$A$2:$A$1000, _xlfn.TEXTSPLIT($C47,", "),0)), "")))} -> 1 | ... S47: {=COUNTA(_xlfn.UNIQUE(_xlfn._xlws.FILTER(Hierarchy!L$2:L$1000, ISNUMBER(MATCH(Hierarchy!$A$2:$A$1000, _xlfn.TEXTSPLIT($C47,", "),0)), "")))} -> 1

Sheet Sheet1
A1: ba | B1: aggregated? | C1: double aggregated? | E1: Group | F1: =Hierarchy!A1 -> ba | G1: =Hierarchy!B1 -> nercr | H1: =Hierarchy!C1 -> transreg | I1: =Hierarchy!D1 -> transgrp | J1: =Hierarchy!E1 -> cendiv | K1: =Hierarchy!F1 -> st | L1: =Hierarchy!G1 -> interconnect | M1: =Hierarchy!H1 -> st_interconnect | ... T1: =Hierarchy!O1 -> population
A2: p1 | B2: {=IF(SUMPRODUCT(--(TRIM(IFERROR(_xlfn.TEXTSPLIT(_xlfn.TEXTJOIN(",",TRUE,Sheet2!$C$2:$C$1006),","),""))=A2))>0,"Yes","No")} -> Yes | C2: {=SUMPRODUCT(--(TRIM(IFERROR(_xlfn.TEXTSPLIT(_xlfn.TEXTJOIN(",",TRUE,Sheet2!$C$2:$C$1006),","),""))=A2))} -> 1 | E2: unique values | F2: =COUNTA(_xlfn.UNIQUE(Hierarchy!A2:A135)) -> 134 | G2: =COUNTA(_xlfn.UNIQUE(Hierarchy!B2:B135)) -> 13 | H2: =COUNTA(_xlfn.UNIQUE(Hierarchy!C2:C135)) -> 11 | I2: =COUNTA(_xlfn.UNIQUE(Hierarchy!D2:D135)) -> 18 | J2: =COUNTA(_xlfn.UNIQUE(Hierarchy!E2:E135)) -> 9 | K2: =COUNTA(_xlfn.UNIQUE(Hierarchy!F2:F135)) -> 48 | L2: =COUNTA(_xlfn.UNIQUE(Hierarchy!G2:G135)) -> 3 | M2: =COUNTA(_xlfn.UNIQUE(Hierarchy!H2:H135)) -> 53 | ... T2: =COUNTA(_xlfn.UNIQUE(Hierarchy!O2:O135)) -> 134
A3: p2 | B3: {=IF(SUMPRODUCT(--(TRIM(IFERROR(_xlfn.TEXTSPLIT(_xlfn.TEXTJOIN(",",TRUE,Sheet2!$C$2:$C$1006),","),""))=A3))>0,"Yes","No")} -> Yes | C3: {=SUMPRODUCT(--(TRIM(IFERROR(_xlfn.TEXTSPLIT(_xlfn.TEXTJOIN(",",TRUE,Sheet2!$C$2:$C$1006),","),""))=A3))} -> 1
A4: p3 | B4: {=IF(SUMPRODUCT(--(TRIM(IFERROR(_xlfn.TEXTSPLIT(_xlfn.TEXTJOIN(",",TRUE,Sheet2!$C$2:$C$1006),","),""))=A4))>0,"Yes","No")} -> Yes | C4: {=SUMPRODUCT(--(TRIM(IFERROR(_xlfn.TEXTSPLIT(_xlfn.TEXTJOIN(",",TRUE,Sheet2!$C$2:$C$1006),","),""))=A4))} -> 1
A5: p4 | B5: {=IF(SUMPRODUCT(--(TRIM(IFERROR(_xlfn.TEXTSPLIT(_xlfn.TEXTJOIN(",",TRUE,Sheet2!$C$2:$C$1006),","),""))=A5))>0,"Yes","No")} -> Yes | C5: {=SUMPRODUCT(--(TRIM(IFERROR(_xlfn.TEXTSPLIT(_xlfn.TEXTJOIN(",",TRUE,Sheet2!$C$2:$C$1006),","),""))=A5))} -> 1
A6: p5 | B6: {=IF(SUMPRODUCT(--(TRIM(IFERROR(_xlfn.TEXTSPLIT(_xlfn.TEXTJOIN(",",TRUE,Sheet2!$C$2:$C$1006),","),""))=A6))>0,"Yes","No")} -> Yes | C6: {=SUMPRODUCT(--(TRIM(IFERROR(_xlfn.TEXTSPLIT(_xlfn.TEXTJOIN(",",TRUE,Sheet2!$C$2:$C$1006),","),""))=A6))} -> 1
A7: p6 | B7: {=IF(SUMPRODUCT(--(TRIM(IFERROR(_xlfn.TEXTSPLIT(_xlfn.TEXTJOIN(",",TRUE,Sheet2!$C$2:$C$1006),","),""))=A7))>0,"Yes","No")} -> Yes | C7: {=SUMPRODUCT(--(TRIM(IFERROR(_xlfn.TEXTSPLIT(_xlfn.TEXTJOIN(",",TRUE,Sheet2!$C$2:$C$1006),","),""))=A7))} -> 1
A8: p7 | B8: {=IF(SUMPRODUCT(--(TRIM(IFERROR(_xlfn.TEXTSPLIT(_xlfn.TEXTJOIN(",",TRUE,Sheet2!$C$2:$C$1006),","),""))=A8))>0,"Yes","No")} -> Yes | C8: {=SUMPRODUCT(--(TRIM(IFERROR(_xlfn.TEXTSPLIT(_xlfn.TEXTJOIN(",",TRUE,Sheet2!$C$2:$C$1006),","),""))=A8))} -> 1
A9: p8 | B9: {=IF(SUMPRODUCT(--(TRIM(IFERROR(_xlfn.TEXTSPLIT(_xlfn.TEXTJOIN(",",TRUE,Sheet2!$C$2:$C$1006),","),""))=A9))>0,"Yes","No")} -> Yes | C9: {=SUMPRODUCT(--(TRIM(IFERROR(_xlfn.TEXTSPLIT(_xlfn.TEXTJOIN(",",TRUE,Sheet2!$C$2:$C$1006),","),""))=A9))} -> 1
A10: p9 | B10: {=IF(SUMPRODUCT(--(TRIM(IFERROR(_xlfn.TEXTSPLIT(_xlfn.TEXTJOIN(",",TRUE,Sheet2!$C$2:$C$1006),","),""))=A10))>0,"Yes","No")} -> Yes | C10: {=SUMPRODUCT(--(TRIM(IFERROR(_xlfn.TEXTSPLIT(_xlfn.TEXTJOIN(",",TRUE,Sheet2!$C$2:$C$1006),","),""))=A10))} -> 1
A11: p10 | B11: {=IF(SUMPRODUCT(--(TRIM(IFERROR(_xlfn.TEXTSPLIT(_xlfn.TEXTJOIN(",",TRUE,Sheet2!$C$2:$C$1006),","),""))=A11))>0,"Yes","No")} -> Yes | C11: {=SUMPRODUCT(--(TRIM(IFERROR(_xlfn.TEXTSPLIT(_xlfn.TEXTJOIN(",",TRUE,Sheet2!$C$2:$C$1006),","),""))=A11))} -> 1
A12: p11 | B12: {=IF(SUMPRODUCT(--(TRIM(IFERROR(_xlfn.TEXTSPLIT(_xlfn.TEXTJOIN(",",TRUE,Sheet2!$C$2:$C$1006),","),""))=A12))>0,"Yes","No")} -> Yes | C12: {=SUMPRODUCT(--(TRIM(IFERROR(_xlfn.TEXTSPLIT(_xlfn.TEXTJOIN(",",TRUE,Sheet2!$C$2:$C$1006),","),""))=A12))} -> 1
A13: p12 | B13: {=IF(SUMPRODUCT(--(TRIM(IFERROR(_xlfn.TEXTSPLIT(_xlfn.TEXTJOIN(",",TRUE,Sheet2!$C$2:$C$1006),","),""))=A13))>0,"Yes","No")} -> Yes | C13: {=SUMPRODUCT(--(TRIM(IFERROR(_xlfn.TEXTSPLIT(_xlfn.TEXTJOIN(",",TRUE,Sheet2!$C$2:$C$1006),","),""))=A13))} -> 1
A14: p13 | B14: {=IF(SUMPRODUCT(--(TRIM(IFERROR(_xlfn.TEXTSPLIT(_xlfn.TEXTJOIN(",",TRUE,Sheet2!$C$2:$C$1006),","),""))=A14))>0,"Yes","No")} -> Yes | C14: {=SUMPRODUCT(--(TRIM(IFERROR(_xlfn.TEXTSPLIT(_xlfn.TEXTJOIN(",",TRUE,Sheet2!$C$2:$C$1006),","),""))=A14))} -> 1
... A135: p134 | B135: {=IF(SUMPRODUCT(--(TRIM(IFERROR(_xlfn.TEXTSPLIT(_xlfn.TEXTJOIN(",",TRUE,Sheet2!$C$2:$C$1006),","),""))=A135))>0,"Yes","No")} -> Yes | C135: {=SUMPRODUCT(--(TRIM(IFERROR(_xlfn.TEXTSPLIT(_xlfn.TEXTJOIN(",",TRUE,Sheet2!$C$2:$C$1006),","),""))=A135))} -> 1
